-- Seed data for Ticket Tag Management System
-- This file can be executed using: psql -U ticketapp -d ticketapp -f seed.sql

-- Clear existing data (optional, comment out if you want to keep existing data)
TRUNCATE TABLE ticket_tags CASCADE;
TRUNCATE TABLE tickets CASCADE;
TRUNCATE TABLE tags CASCADE;

-- ============================================
-- Tags: Platform Tags
-- ============================================
INSERT INTO tags (id, name, color, created_at, updated_at) VALUES
('00000000-0000-0000-0000-000000000001', 'iOS', '#007AFF', NOW(), NOW()),
('00000000-0000-0000-0000-000000000002', 'Android', '#3DDC84', NOW(), NOW()),
('00000000-0000-0000-0000-000000000003', 'Web', '#4285F4', NOW(), NOW()),
('00000000-0000-0000-0000-000000000004', 'macOS', '#000000', NOW(), NOW()),
('00000000-0000-0000-0000-000000000005', 'Windows', '#0078D4', NOW(), NOW()),
('00000000-0000-0000-0000-000000000006', 'Linux', '#FCC624', NOW(), NOW()),
('00000000-0000-0000-0000-000000000007', 'API', '#FF6B6B', NOW(), NOW());

-- ============================================
-- Tags: Project Tags
-- ============================================
INSERT INTO tags (id, name, color, created_at, updated_at) VALUES
('00000000-0000-0000-0000-000000000010', 'Viking', '#8B5CF6', NOW(), NOW()),
('00000000-0000-0000-0000-000000000011', 'Phoenix', '#F59E0B', NOW(), NOW()),
('00000000-0000-0000-0000-000000000012', 'Atlas', '#10B981', NOW(), NOW()),
('00000000-0000-0000-0000-000000000013', 'Nexus', '#EF4444', NOW(), NOW()),
('00000000-0000-0000-0000-000000000014', 'Aurora', '#06B6D4', NOW(), NOW());

-- ============================================
-- Tags: Functional Tags
-- ============================================
INSERT INTO tags (id, name, color, created_at, updated_at) VALUES
('00000000-0000-0000-0000-000000000020', 'autocomplete', '#6366F1', NOW(), NOW()),
('00000000-0000-0000-0000-000000000021', 'search', '#14B8A6', NOW(), NOW()),
('00000000-0000-0000-0000-000000000022', 'authentication', '#F97316', NOW(), NOW()),
('00000000-0000-0000-0000-000000000023', 'authorization', '#EC4899', NOW(), NOW()),
('00000000-0000-0000-0000-000000000024', 'payment', '#22C55E', NOW(), NOW()),
('00000000-0000-0000-0000-000000000025', 'notification', '#F59E0B', NOW(), NOW()),
('00000000-0000-0000-0000-000000000026', 'analytics', '#3B82F6', NOW(), NOW()),
('00000000-0000-0000-0000-000000000027', 'caching', '#8B5CF6', NOW(), NOW()),
('00000000-0000-0000-0000-000000000028', 'database', '#EF4444', NOW(), NOW()),
('00000000-0000-0000-0000-000000000029', 'performance', '#10B981', NOW(), NOW()),
('00000000-0000-0000-0000-000000000030', 'security', '#DC2626', NOW(), NOW()),
('00000000-0000-0000-0000-000000000031', 'ui', '#6366F1', NOW(), NOW()),
('00000000-0000-0000-0000-000000000032', 'ux', '#8B5CF6', NOW(), NOW()),
('00000000-0000-0000-0000-000000000033', 'mobile', '#F59E0B', NOW(), NOW()),
('00000000-0000-0000-0000-000000000034', 'responsive', '#14B8A6', NOW(), NOW());

-- ============================================
-- Tags: Priority/Type Tags
-- ============================================
INSERT INTO tags (id, name, color, created_at, updated_at) VALUES
('00000000-0000-0000-0000-000000000040', 'bug', '#EF4444', NOW(), NOW()),
('00000000-0000-0000-0000-000000000041', 'feature', '#22C55E', NOW(), NOW()),
('00000000-0000-0000-0000-000000000042', 'enhancement', '#3B82F6', NOW(), NOW()),
('00000000-0000-0000-0000-000000000043', 'urgent', '#F97316', NOW(), NOW()),
('00000000-0000-0000-0000-000000000044', 'blocker', '#DC2626', NOW(), NOW()),
('00000000-0000-0000-0000-000000000045', 'documentation', '#6366F1', NOW(), NOW()),
('00000000-0000-0000-0000-000000000046', 'refactor', '#8B5CF6', NOW(), NOW()),
('00000000-0000-0000-0000-000000000047', 'testing', '#14B8A6', NOW(), NOW());

-- ============================================
-- Tickets (50 meaningful tickets)
-- ============================================

-- Completed Tickets (20)
INSERT INTO tickets (id, title, description, status, completed_at, created_at, updated_at) VALUES
('00000000-0000-0000-0000-000000000101', '实现用户登录功能', '添加用户登录页面和API端点，支持邮箱和密码登录', 'completed', NOW() - INTERVAL '5 days', NOW() - INTERVAL '10 days', NOW() - INTERVAL '5 days'),
('00000000-0000-0000-0000-000000000102', 'iOS应用添加自动完成功能', '在搜索框中实现自动完成建议，提升用户体验', 'completed', NOW() - INTERVAL '3 days', NOW() - INTERVAL '8 days', NOW() - INTERVAL '3 days'),
('00000000-0000-0000-0000-000000000103', 'Viking项目：优化数据库查询性能', '重构慢查询，添加索引，提升API响应速度', 'completed', NOW() - INTERVAL '2 days', NOW() - INTERVAL '7 days', NOW() - INTERVAL '2 days'),
('00000000-0000-0000-0000-000000000104', '修复Android支付流程bug', '解决支付完成后订单状态未更新的问题', 'completed', NOW() - INTERVAL '1 day', NOW() - INTERVAL '6 days', NOW() - INTERVAL '1 day'),
('00000000-0000-0000-0000-000000000105', 'Web端添加搜索功能', '实现全文搜索，支持按标题、描述搜索tickets', 'completed', NOW() - INTERVAL '4 days', NOW() - INTERVAL '9 days', NOW() - INTERVAL '4 days'),
('00000000-0000-0000-0000-000000000106', 'Phoenix项目：实现用户权限管理', '添加基于角色的访问控制（RBAC）系统', 'completed', NOW() - INTERVAL '6 days', NOW() - INTERVAL '12 days', NOW() - INTERVAL '6 days'),
('00000000-0000-0000-0000-000000000107', '添加推送通知功能', '集成Firebase Cloud Messaging，支持iOS和Android推送', 'completed', NOW() - INTERVAL '7 days', NOW() - INTERVAL '14 days', NOW() - INTERVAL '7 days'),
('00000000-0000-0000-0000-000000000108', '修复macOS应用崩溃问题', '解决在macOS 14.0上启动时崩溃的bug', 'completed', NOW() - INTERVAL '8 days', NOW() - INTERVAL '15 days', NOW() - INTERVAL '8 days'),
('00000000-0000-0000-0000-000000000109', 'Atlas项目：重构认证模块', '将JWT认证逻辑重构为更清晰的模块结构', 'completed', NOW() - INTERVAL '9 days', NOW() - INTERVAL '16 days', NOW() - INTERVAL '9 days'),
('00000000-0000-0000-0000-000000000110', '实现缓存机制', '添加Redis缓存层，减少数据库查询', 'completed', NOW() - INTERVAL '10 days', NOW() - INTERVAL '18 days', NOW() - INTERVAL '10 days'),
('00000000-0000-0000-0000-000000000111', 'Web端响应式设计优化', '优化移动端和桌面端的布局，提升用户体验', 'completed', NOW() - INTERVAL '11 days', NOW() - INTERVAL '20 days', NOW() - INTERVAL '11 days'),
('00000000-0000-0000-0000-000000000112', 'Nexus项目：添加数据分析功能', '集成Google Analytics，追踪用户行为', 'completed', NOW() - INTERVAL '12 days', NOW() - INTERVAL '22 days', NOW() - INTERVAL '12 days'),
('00000000-0000-0000-0000-000000000113', '修复API安全漏洞', '修复SQL注入和XSS攻击漏洞', 'completed', NOW() - INTERVAL '13 days', NOW() - INTERVAL '24 days', NOW() - INTERVAL '13 days'),
('00000000-0000-0000-0000-000000000114', 'iOS应用性能优化', '优化图片加载和内存管理，提升应用流畅度', 'completed', NOW() - INTERVAL '14 days', NOW() - INTERVAL '26 days', NOW() - INTERVAL '14 days'),
('00000000-0000-0000-0000-000000000115', 'Aurora项目：实现文件上传功能', '支持图片、文档上传，添加文件大小和类型验证', 'completed', NOW() - INTERVAL '15 days', NOW() - INTERVAL '28 days', NOW() - INTERVAL '15 days'),
('00000000-0000-0000-0000-000000000116', '添加单元测试覆盖', '为核心业务逻辑添加单元测试，覆盖率提升至80%', 'completed', NOW() - INTERVAL '16 days', NOW() - INTERVAL '30 days', NOW() - INTERVAL '16 days'),
('00000000-0000-0000-0000-000000000117', '修复Windows应用兼容性问题', '解决在Windows 11上的显示问题', 'completed', NOW() - INTERVAL '17 days', NOW() - INTERVAL '32 days', NOW() - INTERVAL '17 days'),
('00000000-0000-0000-0000-000000000118', '编写API文档', '使用OpenAPI规范编写完整的API文档', 'completed', NOW() - INTERVAL '18 days', NOW() - INTERVAL '34 days', NOW() - INTERVAL '18 days'),
('00000000-0000-0000-0000-000000000119', 'Linux服务器部署脚本', '创建自动化部署脚本，简化生产环境部署流程', 'completed', NOW() - INTERVAL '19 days', NOW() - INTERVAL '36 days', NOW() - INTERVAL '19 days'),
('00000000-0000-0000-0000-000000000120', '优化移动端UI', '重新设计移动端界面，提升用户体验', 'completed', NOW() - INTERVAL '20 days', NOW() - INTERVAL '38 days', NOW() - INTERVAL '20 days');

-- Open Tickets (30)
INSERT INTO tickets (id, title, description, status, completed_at, created_at, updated_at) VALUES
('00000000-0000-0000-0000-000000000121', '实现用户注册功能', '添加用户注册页面，包含邮箱验证和密码强度检查', 'open', NULL, NOW() - INTERVAL '2 days', NOW() - INTERVAL '2 days'),
('00000000-0000-0000-0000-000000000122', 'Android应用添加深色模式', '实现主题切换功能，支持浅色和深色模式', 'open', NULL, NOW() - INTERVAL '1 day', NOW() - INTERVAL '1 day'),
('00000000-0000-0000-0000-000000000123', 'Viking项目：实现实时通知', '使用WebSocket实现实时通知推送功能', 'open', NULL, NOW() - INTERVAL '3 days', NOW() - INTERVAL '3 days'),
('00000000-0000-0000-0000-000000000124', '修复Web端搜索性能问题', '优化搜索查询，当结果超过1000条时性能下降', 'open', NULL, NOW() - INTERVAL '4 days', NOW() - INTERVAL '4 days'),
('00000000-0000-0000-0000-000000000125', '添加多语言支持', '实现i18n，支持中文、英文、日文', 'open', NULL, NOW() - INTERVAL '5 days', NOW() - INTERVAL '5 days'),
('00000000-0000-0000-0000-000000000126', 'Phoenix项目：实现数据导出功能', '支持将数据导出为CSV和Excel格式', 'open', NULL, NOW() - INTERVAL '6 days', NOW() - INTERVAL '6 days'),
('00000000-0000-0000-0000-000000000127', 'iOS应用添加离线模式', '实现数据本地缓存，支持离线查看和编辑', 'open', NULL, NOW() - INTERVAL '7 days', NOW() - INTERVAL '7 days'),
('00000000-0000-0000-0000-000000000128', '修复API限流问题', '当前API限流过于严格，影响正常用户使用', 'open', NULL, NOW() - INTERVAL '8 days', NOW() - INTERVAL '8 days'),
('00000000-0000-0000-0000-000000000129', 'Atlas项目：实现批量操作', '支持批量删除、批量更新tickets', 'open', NULL, NOW() - INTERVAL '9 days', NOW() - INTERVAL '9 days'),
('00000000-0000-0000-0000-000000000130', '添加用户个人资料页面', '用户可以编辑头像、昵称、邮箱等个人信息', 'open', NULL, NOW() - INTERVAL '10 days', NOW() - INTERVAL '10 days'),
('00000000-0000-0000-0000-000000000131', 'Web端添加拖拽排序功能', '支持通过拖拽调整tickets的顺序', 'open', NULL, NOW() - INTERVAL '11 days', NOW() - INTERVAL '11 days'),
('00000000-0000-0000-0000-000000000132', 'Nexus项目：实现数据备份功能', '定期自动备份数据库，支持手动备份', 'open', NULL, NOW() - INTERVAL '12 days', NOW() - INTERVAL '12 days'),
('00000000-0000-0000-0000-000000000133', '修复Android内存泄漏问题', '应用长时间运行后内存占用持续增长', 'open', NULL, NOW() - INTERVAL '13 days', NOW() - INTERVAL '13 days'),
('00000000-0000-0000-0000-000000000134', '实现OAuth登录', '支持Google、GitHub、微信等第三方登录', 'open', NULL, NOW() - INTERVAL '14 days', NOW() - INTERVAL '14 days'),
('00000000-0000-0000-0000-000000000135', 'Aurora项目：添加评论功能', 'tickets支持添加评论，便于团队协作', 'open', NULL, NOW() - INTERVAL '15 days', NOW() - INTERVAL '15 days'),
('00000000-0000-0000-0000-000000000136', '优化数据库索引', '分析慢查询日志，添加缺失的索引', 'open', NULL, NOW() - INTERVAL '16 days', NOW() - INTERVAL '16 days'),
('00000000-0000-0000-0000-000000000137', 'macOS应用添加快捷键支持', '实现常用功能的键盘快捷键', 'open', NULL, NOW() - INTERVAL '17 days', NOW() - INTERVAL '17 days'),
('00000000-0000-0000-0000-000000000138', '实现邮件通知功能', '重要操作通过邮件通知用户', 'open', NULL, NOW() - INTERVAL '18 days', NOW() - INTERVAL '18 days'),
('00000000-0000-0000-0000-000000000139', '修复Web端跨浏览器兼容性问题', '解决在Safari和Firefox上的显示问题', 'open', NULL, NOW() - INTERVAL '19 days', NOW() - INTERVAL '19 days'),
('00000000-0000-0000-0000-000000000140', '添加数据可视化图表', '使用Chart.js展示tickets统计数据', 'open', NULL, NOW() - INTERVAL '20 days', NOW() - INTERVAL '20 days'),
('00000000-0000-0000-0000-000000000141', '实现标签管理功能', '用户可以创建、编辑、删除自定义标签', 'open', NULL, NOW() - INTERVAL '21 days', NOW() - INTERVAL '21 days'),
('00000000-0000-0000-0000-000000000142', 'Linux服务器监控告警', '集成Prometheus和Grafana，监控服务器状态', 'open', NULL, NOW() - INTERVAL '22 days', NOW() - INTERVAL '22 days'),
('00000000-0000-0000-0000-000000000143', '修复iOS应用启动慢问题', '优化应用启动流程，减少启动时间', 'open', NULL, NOW() - INTERVAL '23 days', NOW() - INTERVAL '23 days'),
('00000000-0000-0000-0000-000000000144', '实现文件预览功能', '支持预览图片、PDF、Office文档', 'open', NULL, NOW() - INTERVAL '24 days', NOW() - INTERVAL '24 days'),
('00000000-0000-0000-0000-000000000145', '添加操作日志功能', '记录所有重要操作，便于审计和追踪', 'open', NULL, NOW() - INTERVAL '25 days', NOW() - INTERVAL '25 days'),
('00000000-0000-0000-0000-000000000146', 'Windows应用添加自动更新', '实现应用自动检查和更新机制', 'open', NULL, NOW() - INTERVAL '26 days', NOW() - INTERVAL '26 days'),
('00000000-0000-0000-0000-000000000147', '优化API响应时间', '当前某些API端点响应时间超过2秒，需要优化', 'open', NULL, NOW() - INTERVAL '27 days', NOW() - INTERVAL '27 days'),
('00000000-0000-0000-0000-000000000148', '实现数据导入功能', '支持从CSV文件批量导入tickets', 'open', NULL, NOW() - INTERVAL '28 days', NOW() - INTERVAL '28 days'),
('00000000-0000-0000-0000-000000000149', '添加用户权限细化', '实现更细粒度的权限控制，支持自定义角色', 'open', NULL, NOW() - INTERVAL '29 days', NOW() - INTERVAL '29 days'),
('00000000-0000-0000-0000-000000000150', '实现移动端手势操作', '支持滑动删除、长按编辑等手势', 'open', NULL, NOW() - INTERVAL '30 days', NOW() - INTERVAL '30 days');

-- ============================================
-- Ticket-Tag Associations
-- ============================================

-- Ticket 1: 实现用户登录功能
INSERT INTO ticket_tags (ticket_id, tag_id, created_at) VALUES
('00000000-0000-0000-0000-000000000101', '00000000-0000-0000-0000-000000000022', NOW()), -- authentication
('00000000-0000-0000-0000-000000000101', '00000000-0000-0000-0000-000000000041', NOW()), -- feature
('00000000-0000-0000-0000-000000000101', '00000000-0000-0000-0000-000000000003', NOW()); -- Web

-- Ticket 2: iOS应用添加自动完成功能
INSERT INTO ticket_tags (ticket_id, tag_id, created_at) VALUES
('00000000-0000-0000-0000-000000000102', '00000000-0000-0000-0000-000000000001', NOW()), -- iOS
('00000000-0000-0000-0000-000000000102', '00000000-0000-0000-0000-000000000020', NOW()), -- autocomplete
('00000000-0000-0000-0000-000000000102', '00000000-0000-0000-0000-000000000041', NOW()); -- feature

-- Ticket 3: Viking项目：优化数据库查询性能
INSERT INTO ticket_tags (ticket_id, tag_id, created_at) VALUES
('00000000-0000-0000-0000-000000000103', '00000000-0000-0000-0000-000000000010', NOW()), -- Viking
('00000000-0000-0000-0000-000000000103', '00000000-0000-0000-0000-000000000028', NOW()), -- database
('00000000-0000-0000-0000-000000000103', '00000000-0000-0000-0000-000000000029', NOW()), -- performance
('00000000-0000-0000-0000-000000000103', '00000000-0000-0000-0000-000000000046', NOW()); -- refactor

-- Ticket 4: 修复Android支付流程bug
INSERT INTO ticket_tags (ticket_id, tag_id, created_at) VALUES
('00000000-0000-0000-0000-000000000104', '00000000-0000-0000-0000-000000000002', NOW()), -- Android
('00000000-0000-0000-0000-000000000104', '00000000-0000-0000-0000-000000000024', NOW()), -- payment
('00000000-0000-0000-0000-000000000104', '00000000-0000-0000-0000-000000000040', NOW()); -- bug

-- Ticket 5: Web端添加搜索功能
INSERT INTO ticket_tags (ticket_id, tag_id, created_at) VALUES
('00000000-0000-0000-0000-000000000105', '00000000-0000-0000-0000-000000000003', NOW()), -- Web
('00000000-0000-0000-0000-000000000105', '00000000-0000-0000-0000-000000000021', NOW()), -- search
('00000000-0000-0000-0000-000000000105', '00000000-0000-0000-0000-000000000041', NOW()); -- feature

-- Ticket 6: Phoenix项目：实现用户权限管理
INSERT INTO ticket_tags (ticket_id, tag_id, created_at) VALUES
('00000000-0000-0000-0000-000000000106', '00000000-0000-0000-0000-000000000011', NOW()), -- Phoenix
('00000000-0000-0000-0000-000000000106', '00000000-0000-0000-0000-000000000023', NOW()), -- authorization
('00000000-0000-0000-0000-000000000106', '00000000-0000-0000-0000-000000000030', NOW()), -- security
('00000000-0000-0000-0000-000000000106', '00000000-0000-0000-0000-000000000041', NOW()); -- feature

-- Ticket 7: 添加推送通知功能
INSERT INTO ticket_tags (ticket_id, tag_id, created_at) VALUES
('00000000-0000-0000-0000-000000000107', '00000000-0000-0000-0000-000000000025', NOW()), -- notification
('00000000-0000-0000-0000-000000000107', '00000000-0000-0000-0000-000000000033', NOW()), -- mobile
('00000000-0000-0000-0000-000000000107', '00000000-0000-0000-0000-000000000041', NOW()); -- feature

-- Ticket 8: 修复macOS应用崩溃问题
INSERT INTO ticket_tags (ticket_id, tag_id, created_at) VALUES
('00000000-0000-0000-0000-000000000108', '00000000-0000-0000-0000-000000000004', NOW()), -- macOS
('00000000-0000-0000-0000-000000000108', '00000000-0000-0000-0000-000000000040', NOW()), -- bug
('00000000-0000-0000-0000-000000000108', '00000000-0000-0000-0000-000000000044', NOW()); -- blocker

-- Ticket 9: Atlas项目：重构认证模块
INSERT INTO ticket_tags (ticket_id, tag_id, created_at) VALUES
('00000000-0000-0000-0000-000000000109', '00000000-0000-0000-0000-000000000012', NOW()), -- Atlas
('00000000-0000-0000-0000-000000000109', '00000000-0000-0000-0000-000000000022', NOW()), -- authentication
('00000000-0000-0000-0000-000000000109', '00000000-0000-0000-0000-000000000046', NOW()); -- refactor

-- Ticket 10: 实现缓存机制
INSERT INTO ticket_tags (ticket_id, tag_id, created_at) VALUES
('00000000-0000-0000-0000-000000000110', '00000000-0000-0000-0000-000000000027', NOW()), -- caching
('00000000-0000-0000-0000-000000000110', '00000000-0000-0000-0000-000000000029', NOW()), -- performance
('00000000-0000-0000-0000-000000000110', '00000000-0000-0000-0000-000000000041', NOW()); -- feature

-- Ticket 11: Web端响应式设计优化
INSERT INTO ticket_tags (ticket_id, tag_id, created_at) VALUES
('00000000-0000-0000-0000-000000000111', '00000000-0000-0000-0000-000000000003', NOW()), -- Web
('00000000-0000-0000-0000-000000000111', '00000000-0000-0000-0000-000000000034', NOW()), -- responsive
('00000000-0000-0000-0000-000000000111', '00000000-0000-0000-0000-000000000032', NOW()), -- ux
('00000000-0000-0000-0000-000000000111', '00000000-0000-0000-0000-000000000042', NOW()); -- enhancement

-- Ticket 12: Nexus项目：添加数据分析功能
INSERT INTO ticket_tags (ticket_id, tag_id, created_at) VALUES
('00000000-0000-0000-0000-000000000112', '00000000-0000-0000-0000-000000000013', NOW()), -- Nexus
('00000000-0000-0000-0000-000000000112', '00000000-0000-0000-0000-000000000026', NOW()), -- analytics
('00000000-0000-0000-0000-000000000112', '00000000-0000-0000-0000-000000000041', NOW()); -- feature

-- Ticket 13: 修复API安全漏洞
INSERT INTO ticket_tags (ticket_id, tag_id, created_at) VALUES
('00000000-0000-0000-0000-000000000113', '00000000-0000-0000-0000-000000000007', NOW()), -- API
('00000000-0000-0000-0000-000000000113', '00000000-0000-0000-0000-000000000030', NOW()), -- security
('00000000-0000-0000-0000-000000000113', '00000000-0000-0000-0000-000000000040', NOW()), -- bug
('00000000-0000-0000-0000-000000000113', '00000000-0000-0000-0000-000000000043', NOW()); -- urgent

-- Ticket 14: iOS应用性能优化
INSERT INTO ticket_tags (ticket_id, tag_id, created_at) VALUES
('00000000-0000-0000-0000-000000000114', '00000000-0000-0000-0000-000000000001', NOW()), -- iOS
('00000000-0000-0000-0000-000000000114', '00000000-0000-0000-0000-000000000029', NOW()), -- performance
('00000000-0000-0000-0000-000000000114', '00000000-0000-0000-0000-000000000042', NOW()); -- enhancement

-- Ticket 15: Aurora项目：实现文件上传功能
INSERT INTO ticket_tags (ticket_id, tag_id, created_at) VALUES
('00000000-0000-0000-0000-000000000115', '00000000-0000-0000-0000-000000000014', NOW()), -- Aurora
('00000000-0000-0000-0000-000000000115', '00000000-0000-0000-0000-000000000041', NOW()); -- feature

-- Ticket 16: 添加单元测试覆盖
INSERT INTO ticket_tags (ticket_id, tag_id, created_at) VALUES
('00000000-0000-0000-0000-000000000116', '00000000-0000-0000-0000-000000000047', NOW()), -- testing
('00000000-0000-0000-0000-000000000116', '00000000-0000-0000-0000-000000000042', NOW()); -- enhancement

-- Ticket 17: 修复Windows应用兼容性问题
INSERT INTO ticket_tags (ticket_id, tag_id, created_at) VALUES
('00000000-0000-0000-0000-000000000117', '00000000-0000-0000-0000-000000000005', NOW()), -- Windows
('00000000-0000-0000-0000-000000000117', '00000000-0000-0000-0000-000000000040', NOW()); -- bug

-- Ticket 18: 编写API文档
INSERT INTO ticket_tags (ticket_id, tag_id, created_at) VALUES
('00000000-0000-0000-0000-000000000118', '00000000-0000-0000-0000-000000000007', NOW()), -- API
('00000000-0000-0000-0000-000000000118', '00000000-0000-0000-0000-000000000045', NOW()); -- documentation

-- Ticket 19: Linux服务器部署脚本
INSERT INTO ticket_tags (ticket_id, tag_id, created_at) VALUES
('00000000-0000-0000-0000-000000000119', '00000000-0000-0000-0000-000000000006', NOW()), -- Linux
('00000000-0000-0000-0000-000000000119', '00000000-0000-0000-0000-000000000041', NOW()); -- feature

-- Ticket 20: 优化移动端UI
INSERT INTO ticket_tags (ticket_id, tag_id, created_at) VALUES
('00000000-0000-0000-0000-000000000120', '00000000-0000-0000-0000-000000000033', NOW()), -- mobile
('00000000-0000-0000-0000-000000000120', '00000000-0000-0000-0000-000000000031', NOW()), -- ui
('00000000-0000-0000-0000-000000000120', '00000000-0000-0000-0000-000000000042', NOW()); -- enhancement

-- Ticket 21: 实现用户注册功能
INSERT INTO ticket_tags (ticket_id, tag_id, created_at) VALUES
('00000000-0000-0000-0000-000000000121', '00000000-0000-0000-0000-000000000022', NOW()), -- authentication
('00000000-0000-0000-0000-000000000121', '00000000-0000-0000-0000-000000000041', NOW()), -- feature
('00000000-0000-0000-0000-000000000121', '00000000-0000-0000-0000-000000000003', NOW()); -- Web

-- Ticket 22: Android应用添加深色模式
INSERT INTO ticket_tags (ticket_id, tag_id, created_at) VALUES
('00000000-0000-0000-0000-000000000122', '00000000-0000-0000-0000-000000000002', NOW()), -- Android
('00000000-0000-0000-0000-000000000122', '00000000-0000-0000-0000-000000000031', NOW()), -- ui
('00000000-0000-0000-0000-000000000122', '00000000-0000-0000-0000-000000000041', NOW()); -- feature

-- Ticket 23: Viking项目：实现实时通知
INSERT INTO ticket_tags (ticket_id, tag_id, created_at) VALUES
('00000000-0000-0000-0000-000000000123', '00000000-0000-0000-0000-000000000010', NOW()), -- Viking
('00000000-0000-0000-0000-000000000123', '00000000-0000-0000-0000-000000000025', NOW()), -- notification
('00000000-0000-0000-0000-000000000123', '00000000-0000-0000-0000-000000000041', NOW()); -- feature

-- Ticket 24: 修复Web端搜索性能问题
INSERT INTO ticket_tags (ticket_id, tag_id, created_at) VALUES
('00000000-0000-0000-0000-000000000124', '00000000-0000-0000-0000-000000000003', NOW()), -- Web
('00000000-0000-0000-0000-000000000124', '00000000-0000-0000-0000-000000000021', NOW()), -- search
('00000000-0000-0000-0000-000000000124', '00000000-0000-0000-0000-000000000029', NOW()), -- performance
('00000000-0000-0000-0000-000000000124', '00000000-0000-0000-0000-000000000040', NOW()); -- bug

-- Ticket 25: 添加多语言支持
INSERT INTO ticket_tags (ticket_id, tag_id, created_at) VALUES
('00000000-0000-0000-0000-000000000125', '00000000-0000-0000-0000-000000000041', NOW()), -- feature
('00000000-0000-0000-0000-000000000125', '00000000-0000-0000-0000-000000000032', NOW()); -- ux

-- Ticket 26: Phoenix项目：实现数据导出功能
INSERT INTO ticket_tags (ticket_id, tag_id, created_at) VALUES
('00000000-0000-0000-0000-000000000126', '00000000-0000-0000-0000-000000000011', NOW()), -- Phoenix
('00000000-0000-0000-0000-000000000126', '00000000-0000-0000-0000-000000000041', NOW()); -- feature

-- Ticket 27: iOS应用添加离线模式
INSERT INTO ticket_tags (ticket_id, tag_id, created_at) VALUES
('00000000-0000-0000-0000-000000000127', '00000000-0000-0000-0000-000000000001', NOW()), -- iOS
('00000000-0000-0000-0000-000000000127', '00000000-0000-0000-0000-000000000033', NOW()), -- mobile
('00000000-0000-0000-0000-000000000127', '00000000-0000-0000-0000-000000000041', NOW()); -- feature

-- Ticket 28: 修复API限流问题
INSERT INTO ticket_tags (ticket_id, tag_id, created_at) VALUES
('00000000-0000-0000-0000-000000000128', '00000000-0000-0000-0000-000000000007', NOW()), -- API
('00000000-0000-0000-0000-000000000128', '00000000-0000-0000-0000-000000000040', NOW()); -- bug

-- Ticket 29: Atlas项目：实现批量操作
INSERT INTO ticket_tags (ticket_id, tag_id, created_at) VALUES
('00000000-0000-0000-0000-000000000129', '00000000-0000-0000-0000-000000000012', NOW()), -- Atlas
('00000000-0000-0000-0000-000000000129', '00000000-0000-0000-0000-000000000041', NOW()); -- feature

-- Ticket 30: 添加用户个人资料页面
INSERT INTO ticket_tags (ticket_id, tag_id, created_at) VALUES
('00000000-0000-0000-0000-000000000130', '00000000-0000-0000-0000-000000000031', NOW()), -- ui
('00000000-0000-0000-0000-000000000130', '00000000-0000-0000-0000-000000000041', NOW()); -- feature

-- Ticket 31: Web端添加拖拽排序功能
INSERT INTO ticket_tags (ticket_id, tag_id, created_at) VALUES
('00000000-0000-0000-0000-000000000131', '00000000-0000-0000-0000-000000000003', NOW()), -- Web
('00000000-0000-0000-0000-000000000131', '00000000-0000-0000-0000-000000000032', NOW()), -- ux
('00000000-0000-0000-0000-000000000131', '00000000-0000-0000-0000-000000000041', NOW()); -- feature

-- Ticket 32: Nexus项目：实现数据备份功能
INSERT INTO ticket_tags (ticket_id, tag_id, created_at) VALUES
('00000000-0000-0000-0000-000000000132', '00000000-0000-0000-0000-000000000013', NOW()), -- Nexus
('00000000-0000-0000-0000-000000000132', '00000000-0000-0000-0000-000000000028', NOW()), -- database
('00000000-0000-0000-0000-000000000132', '00000000-0000-0000-0000-000000000030', NOW()), -- security
('00000000-0000-0000-0000-000000000132', '00000000-0000-0000-0000-000000000041', NOW()); -- feature

-- Ticket 33: 修复Android内存泄漏问题
INSERT INTO ticket_tags (ticket_id, tag_id, created_at) VALUES
('00000000-0000-0000-0000-000000000133', '00000000-0000-0000-0000-000000000002', NOW()), -- Android
('00000000-0000-0000-0000-000000000133', '00000000-0000-0000-0000-000000000029', NOW()), -- performance
('00000000-0000-0000-0000-000000000133', '00000000-0000-0000-0000-000000000040', NOW()); -- bug

-- Ticket 34: 实现OAuth登录
INSERT INTO ticket_tags (ticket_id, tag_id, created_at) VALUES
('00000000-0000-0000-0000-000000000134', '00000000-0000-0000-0000-000000000022', NOW()), -- authentication
('00000000-0000-0000-0000-000000000134', '00000000-0000-0000-0000-000000000041', NOW()); -- feature

-- Ticket 35: Aurora项目：添加评论功能
INSERT INTO ticket_tags (ticket_id, tag_id, created_at) VALUES
('00000000-0000-0000-0000-000000000135', '00000000-0000-0000-0000-000000000014', NOW()), -- Aurora
('00000000-0000-0000-0000-000000000135', '00000000-0000-0000-0000-000000000041', NOW()); -- feature

-- Ticket 36: 优化数据库索引
INSERT INTO ticket_tags (ticket_id, tag_id, created_at) VALUES
('00000000-0000-0000-0000-000000000136', '00000000-0000-0000-0000-000000000028', NOW()), -- database
('00000000-0000-0000-0000-000000000136', '00000000-0000-0000-0000-000000000029', NOW()), -- performance
('00000000-0000-0000-0000-000000000136', '00000000-0000-0000-0000-000000000042', NOW()); -- enhancement

-- Ticket 37: macOS应用添加快捷键支持
INSERT INTO ticket_tags (ticket_id, tag_id, created_at) VALUES
('00000000-0000-0000-0000-000000000137', '00000000-0000-0000-0000-000000000004', NOW()), -- macOS
('00000000-0000-0000-0000-000000000137', '00000000-0000-0000-0000-000000000032', NOW()), -- ux
('00000000-0000-0000-0000-000000000137', '00000000-0000-0000-0000-000000000041', NOW()); -- feature

-- Ticket 38: 实现邮件通知功能
INSERT INTO ticket_tags (ticket_id, tag_id, created_at) VALUES
('00000000-0000-0000-0000-000000000138', '00000000-0000-0000-0000-000000000025', NOW()), -- notification
('00000000-0000-0000-0000-000000000138', '00000000-0000-0000-0000-000000000041', NOW()); -- feature

-- Ticket 39: 修复Web端跨浏览器兼容性问题
INSERT INTO ticket_tags (ticket_id, tag_id, created_at) VALUES
('00000000-0000-0000-0000-000000000139', '00000000-0000-0000-0000-000000000003', NOW()), -- Web
('00000000-0000-0000-0000-000000000139', '00000000-0000-0000-0000-000000000040', NOW()); -- bug

-- Ticket 40: 添加数据可视化图表
INSERT INTO ticket_tags (ticket_id, tag_id, created_at) VALUES
('00000000-0000-0000-0000-000000000140', '00000000-0000-0000-0000-000000000026', NOW()), -- analytics
('00000000-0000-0000-0000-000000000140', '00000000-0000-0000-0000-000000000031', NOW()), -- ui
('00000000-0000-0000-0000-000000000140', '00000000-0000-0000-0000-000000000041', NOW()); -- feature

-- Ticket 41: 实现标签管理功能
INSERT INTO ticket_tags (ticket_id, tag_id, created_at) VALUES
('00000000-0000-0000-0000-000000000141', '00000000-0000-0000-0000-000000000041', NOW()); -- feature

-- Ticket 42: Linux服务器监控告警
INSERT INTO ticket_tags (ticket_id, tag_id, created_at) VALUES
('00000000-0000-0000-0000-000000000142', '00000000-0000-0000-0000-000000000006', NOW()), -- Linux
('00000000-0000-0000-0000-000000000142', '00000000-0000-0000-0000-000000000041', NOW()); -- feature

-- Ticket 43: 修复iOS应用启动慢问题
INSERT INTO ticket_tags (ticket_id, tag_id, created_at) VALUES
('00000000-0000-0000-0000-000000000143', '00000000-0000-0000-0000-000000000001', NOW()), -- iOS
('00000000-0000-0000-0000-000000000143', '00000000-0000-0000-0000-000000000029', NOW()), -- performance
('00000000-0000-0000-0000-000000000143', '00000000-0000-0000-0000-000000000040', NOW()); -- bug

-- Ticket 44: 实现文件预览功能
INSERT INTO ticket_tags (ticket_id, tag_id, created_at) VALUES
('00000000-0000-0000-0000-000000000144', '00000000-0000-0000-0000-000000000031', NOW()), -- ui
('00000000-0000-0000-0000-000000000144', '00000000-0000-0000-0000-000000000041', NOW()); -- feature

-- Ticket 45: 添加操作日志功能
INSERT INTO ticket_tags (ticket_id, tag_id, created_at) VALUES
('00000000-0000-0000-0000-000000000145', '00000000-0000-0000-0000-000000000030', NOW()), -- security
('00000000-0000-0000-0000-000000000145', '00000000-0000-0000-0000-000000000041', NOW()); -- feature

-- Ticket 46: Windows应用添加自动更新
INSERT INTO ticket_tags (ticket_id, tag_id, created_at) VALUES
('00000000-0000-0000-0000-000000000146', '00000000-0000-0000-0000-000000000005', NOW()), -- Windows
('00000000-0000-0000-0000-000000000146', '00000000-0000-0000-0000-000000000041', NOW()); -- feature

-- Ticket 47: 优化API响应时间
INSERT INTO ticket_tags (ticket_id, tag_id, created_at) VALUES
('00000000-0000-0000-0000-000000000147', '00000000-0000-0000-0000-000000000007', NOW()), -- API
('00000000-0000-0000-0000-000000000147', '00000000-0000-0000-0000-000000000029', NOW()), -- performance
('00000000-0000-0000-0000-000000000147', '00000000-0000-0000-0000-000000000042', NOW()); -- enhancement

-- Ticket 48: 实现数据导入功能
INSERT INTO ticket_tags (ticket_id, tag_id, created_at) VALUES
('00000000-0000-0000-0000-000000000148', '00000000-0000-0000-0000-000000000041', NOW()); -- feature

-- Ticket 49: 添加用户权限细化
INSERT INTO ticket_tags (ticket_id, tag_id, created_at) VALUES
('00000000-0000-0000-0000-000000000149', '00000000-0000-0000-0000-000000000023', NOW()), -- authorization
('00000000-0000-0000-0000-000000000149', '00000000-0000-0000-0000-000000000030', NOW()), -- security
('00000000-0000-0000-0000-000000000149', '00000000-0000-0000-0000-000000000041', NOW()); -- feature

-- Ticket 50: 实现移动端手势操作
INSERT INTO ticket_tags (ticket_id, tag_id, created_at) VALUES
('00000000-0000-0000-0000-000000000150', '00000000-0000-0000-0000-000000000033', NOW()), -- mobile
('00000000-0000-0000-0000-000000000150', '00000000-0000-0000-0000-000000000032', NOW()), -- ux
('00000000-0000-0000-0000-000000000150', '00000000-0000-0000-0000-000000000041', NOW()); -- feature
